direction,config,busy_poll_us,trial,size_bytes,iterations,rtt_us,gbps,messages_per_second
mac-to-linux,busy100,100,1,64,10000,62.5566042,0.0163691749751,15985.5224367
mac-to-linux,busy100,100,1,256,10000,63.0332,0.064981628729,15864.6554514
mac-to-linux,busy100,100,1,1024,10000,67.2617958,0.243585527343,14867.2807216
mac-to-linux,busy100,100,1,4096,10000,74.1550792,0.883769536855,13485.2529427
mac-to-linux,busy100,100,1,16384,4096,129.597758057,2.02275104084,7716.18286454
mac-to-linux,busy100,100,1,65536,1024,282.672282227,3.70951121115,3537.66556849
mac-to-linux,busy100,100,1,262144,256,506.7804375,8.27637313842,1973.24112378
mac-to-linux,busy100,100,1,1048576,64,1578.77734375,10.6267144423,633.401539463
mac-to-linux,busy100,100,2,64,10000,59.8031583,0.0171228414871,16721.5248898
mac-to-linux,busy100,100,2,256,10000,63.9188292,0.0640812738792,15644.8422557
mac-to-linux,busy100,100,2,1024,10000,64.7919583,0.252870887528,15434.0141313
mac-to-linux,busy100,100,2,4096,10000,76.9584417,0.851576494434,12994.0260992
mac-to-linux,busy100,100,2,16384,4096,128.376831055,2.04198840123,7789.5675706
mac-to-linux,busy100,100,2,65536,1024,267.05480957,3.92644491851,3744.54967356
mac-to-linux,busy100,100,2,262144,256,498.938316406,8.40645799707,2004.25577094
mac-to-linux,busy100,100,2,1048576,64,1566.70117188,10.7086254234,638.283814394
mac-to-linux,busy100,100,3,64,10000,59.812775,0.0171200884761,16718.8364024
mac-to-linux,busy100,100,3,256,10000,63.3428584,0.0646639590234,15787.0993709
mac-to-linux,busy100,100,3,1024,10000,66.3211375,0.247040394927,15078.1491044
mac-to-linux,busy100,100,3,4096,10000,75.9623417,0.862743282176,13164.4177578
mac-to-linux,busy100,100,3,16384,4096,128.151072021,2.04558569714,7803.29016547
mac-to-linux,busy100,100,3,65536,1024,261.915445313,4.00349051103,3818.02607634
mac-to-linux,busy100,100,3,262144,256,506.447105469,8.28182046004,1974.53986646
mac-to-linux,busy100,100,3,1048576,64,1584.90560938,10.5856247216,630.952401256
mac-to-linux,busy100,100,4,64,10000,59.24675,0.0172836484702,16878.5629591
mac-to-linux,busy100,100,4,256,10000,63.6630667,0.0643387165011,15707.6944583
mac-to-linux,busy100,100,4,1024,10000,63.969425,0.256122358455,15632.4681674
mac-to-linux,busy100,100,4,4096,10000,76.7072375,0.854365274202,13036.5795014
mac-to-linux,busy100,100,4,16384,4096,129.080027344,2.0308641499,7747.13191946
mac-to-linux,busy100,100,4,65536,1024,277.897419922,3.77324841769,3598.45010537
mac-to-linux,busy100,100,4,262144,256,516.36165625,8.12280297972,1936.62714475
mac-to-linux,busy100,100,4,1048576,64,1524.63346875,11.0040979317,655.89534829
mac-to-linux,busy100,100,5,64,10000,60.1121042,0.0170348387172,16635.5846848
mac-to-linux,busy100,100,5,256,10000,62.5986208,0.0654327515152,15974.7928504
mac-to-linux,busy100,100,5,1024,10000,65.8716625,0.248726073978,15181.0347887
mac-to-linux,busy100,100,5,4096,10000,73.3722833,0.893198317572,13629.1247188
mac-to-linux,busy100,100,5,16384,4096,128.145294189,2.04567792878,7803.64200126
mac-to-linux,busy100,100,5,65536,1024,266.398478516,3.93611857636,3753.77519261
mac-to-linux,busy100,100,5,262144,256,520.020183594,8.06565616552,1923.00228251
mac-to-linux,busy100,100,5,1048576,64,1576.17317187,10.644272025,634.448052945
mac-to-linux,busy100,100,6,64,10000,59.18665,0.0173011988345,16895.7019869
mac-to-linux,busy100,100,6,256,10000,65.1441042,0.0628759893209,15350.5833303
mac-to-linux,busy100,100,6,1024,10000,66.2256,0.247396777077,15099.9009446
mac-to-linux,busy100,100,6,4096,10000,76.5120125,0.856545238566,13069.8431178
mac-to-linux,busy100,100,6,16384,4096,127.642049072,2.05374327587,7834.40885874
mac-to-linux,busy100,100,6,65536,1024,257.701334961,4.06895835506,3880.46107775
mac-to-linux,busy100,100,6,262144,256,494.596679688,8.48025102524,2021.84939986
mac-to-linux,busy100,100,6,1048576,64,1568.98698438,10.6930243317,637.353916864
mac-to-linux,busy100,100,7,64,10000,58.1947959,0.0175960751157,17183.6671052
mac-to-linux,busy100,100,7,256,10000,60.1412833,0.0681062952975,16627.5135004
mac-to-linux,busy100,100,7,1024,10000,67.0055792,0.244516952105,14924.1303775
mac-to-linux,busy100,100,7,4096,10000,77.830725,0.842032500661,12848.3963114
mac-to-linux,busy100,100,7,16384,4096,127.903432129,2.04954625249,7818.39848513
mac-to-linux,busy100,100,7,65536,1024,287.197835937,3.65105815153,3481.92038682
mac-to-linux,busy100,100,7,262144,256,496.159832031,8.45353398083,2015.4795601
mac-to-linux,busy100,100,7,1048576,64,1637.77929688,10.2438808648,610.582880067
mac-to-linux,busy100,100,8,64,10000,62.3254208,0.0164298930814,16044.8174623
mac-to-linux,busy100,100,8,256,10000,65.3265167,0.0627004194761,15307.7195986
mac-to-linux,busy100,100,8,1024,10000,65.2232334,0.251198831243,15331.9599148
mac-to-linux,busy100,100,8,4096,10000,74.1934625,0.883312326878,13478.2764721
mac-to-linux,busy100,100,8,16384,4096,128.803080322,2.03523082945,7763.78948002
mac-to-linux,busy100,100,8,65536,1024,268.820882812,3.90064934327,3719.94909598
mac-to-linux,busy100,100,8,262144,256,501.1241875,8.36978957437,1995.5133377
mac-to-linux,busy100,100,8,1048576,64,1593.4921875,10.5285837807,627.552496237
mac-to-linux,busy100,100,9,64,10000,60.5112542,0.0169224719193,16525.8514837
mac-to-linux,busy100,100,9,256,10000,64.6092458,0.0633964992051,15477.6609387
mac-to-linux,busy100,100,9,1024,10000,65.5722875,0.249861650777,15250.3448961
mac-to-linux,busy100,100,9,4096,10000,77.9943208,0.84026630821,12821.4463533
mac-to-linux,busy100,100,9,16384,4096,130.040679932,2.01586149917,7689.90134876
mac-to-linux,busy100,100,9,65536,1024,274.252563477,3.8233954378,3646.27403049
mac-to-linux,busy100,100,9,262144,256,494.992675781,8.47346679096,2020.23191236
mac-to-linux,busy100,100,9,1048576,64,1578.87695312,10.6260440162,633.361578951
mac-to-linux,busy100,100,10,64,10000,57.9165458,0.0176806124374,17266.2230834
mac-to-linux,busy100,100,10,256,10000,63.8017667,0.0641988492146,15673.5471715
mac-to-linux,busy100,100,10,1024,10000,65.7959417,0.249012318643,15198.5057765
mac-to-linux,busy100,100,10,4096,10000,77.584625,0.844703444787,12889.1516844
mac-to-linux,busy100,100,10,16384,4096,129.012461426,2.03192774638,7751.18921807
mac-to-linux,busy100,100,10,65536,1024,273.293293945,3.83681569666,3659.07258668
mac-to-linux,busy100,100,10,262144,256,518.6570625,8.08685411471,1928.05626743
mac-to-linux,busy100,100,10,1048576,64,1558.472,10.765169987,641.654133023
