direction,config,busy_poll_us,size_bytes,trials,min_rtt_us,mean_rtt_us,median_rtt_us,p95_rtt_us,max_rtt_us,stddev_rtt_us
linux-to-mac,busy100,100,64,10,59.6256519,61.91451421,61.5983005,65.73384367499999,68.135763,2.4041970106528185
linux-to-mac,busy100,100,256,10,61.1635911,63.24952321,63.174668249999996,65.04571675,65.2940533,1.2806099709831749
linux-to-mac,busy100,100,1024,10,63.2294747,66.42809301,67.3027669,68.23361935,68.6589571,1.787421287353421
linux-to-mac,busy100,100,4096,10,74.6546941,77.06612027,77.44617355,78.761909825,78.9659225,1.502042664305254
linux-to-mac,busy100,100,16384,10,127.245995117,128.7046525634,128.58636181650002,130.18696743145,130.498725586,0.9744326964402688
linux-to-mac,busy100,100,65536,10,272.124990234,288.0290276367,287.927786621,297.2371821289,301.602696289,7.217480860903255
linux-to-mac,busy100,100,262144,10,509.753957031,536.26251875,540.1808085934999,545.79946523435,546.007769531,11.70423666678957
linux-to-mac,busy100,100,1048576,10,1530.5725625,1618.441323436,1618.41800781,1693.312402341,1710.42270312,55.25494780337111
linux-to-mac,normal,0,64,10,144.5696512,146.76805901,146.5303825,149.059596735,150.3112608,1.450451142835495
linux-to-mac,normal,0,256,10,145.8270692,146.70174980000002,146.50047315,147.75828795,147.7958346,0.6767098285123181
linux-to-mac,normal,0,1024,10,145.4998539,147.32673573,147.16381045,149.249621855,149.4662339,1.3025449967814242
linux-to-mac,normal,0,4096,10,145.753557,147.26454303,147.41956105,148.40066743,148.4769985,0.9388925718715966
linux-to-mac,normal,0,16384,10,145.921818359,147.7289703124,148.059748291,149.18788023714998,149.79340918,1.2341083762136837
linux-to-mac,normal,0,65536,10,286.486932617,294.3732984376,294.4967041015,299.42367084945,300.797088867,4.091407783017997
linux-to-mac,normal,0,262144,10,533.139125,553.595196875,554.2956914060001,571.2211894531,572.665847656,12.820535909716638
linux-to-mac,normal,0,1048576,10,1587.64878125,1634.450034375,1635.25533594,1679.300014841,1690.07898437,31.181229781968973
mac-to-linux,busy100,100,64,10,57.9165458,59.96660584,59.80796665,62.452571670000005,62.5566042,1.5314796885736524
mac-to-linux,busy100,100,256,10,60.1412833,63.55794918,63.7324167,65.244431075,65.3265167,1.4856804236211458
mac-to-linux,busy100,100,1024,10,63.969425,65.80386209,65.8338021,67.14649833,67.2617958,0.9888071512734528
mac-to-linux,busy100,100,4096,10,73.3722833,76.12705292,76.609625,77.92070269,77.9943208,1.664433747515466
mac-to-linux,busy100,100,16384,10,127.642049072,128.67526855469998,128.5899556885,129.84136508825,130.040679932,0.7686346778457259
mac-to-linux,busy100,100,65536,10,257.701334961,271.720434668,271.0570883785,285.16133676749996,287.197835937,9.175482264570102
mac-to-linux,busy100,100,262144,10,494.596679688,505.4078136719,503.78564648450003,519.4067791017,520.020183594,9.905663743966443
mac-to-linux,busy100,100,1048576,10,1524.63346875,1576.879818751,1577.4752578100001,1617.8500976589999,1637.77929688,28.463718836073003
mac-to-linux,normal,0,64,10,144.4065583,145.9065425,145.72743125,147.35343375,147.8478375,1.0709748000674921
mac-to-linux,normal,0,256,10,145.458075,146.30145877,146.28020625,147.28488481,147.5262667,0.7158102778278612
mac-to-linux,normal,0,1024,10,144.7475375,146.035075,146.184975,146.81654061,146.9346,0.703819435097669
mac-to-linux,normal,0,4096,10,145.6413167,146.16977833,146.07613750000002,146.6349291,146.6990541,0.36127303125937116
mac-to-linux,normal,0,16384,10,144.926462891,146.8420552246,147.03055322249998,148.7253335328,149.241617676,1.3527587954303641
mac-to-linux,normal,0,65536,10,287.577758789,292.7649126953,292.239989746,297.67913207994997,298.804077148,3.3095016983673045
mac-to-linux,normal,0,262144,10,526.246257813,541.1212238282001,540.1305332029999,561.95844668005,571.255371094,13.986893807623314
mac-to-linux,normal,0,1048576,10,1545.640625,1599.252668749,1594.43685156,1665.0158820285,1687.82876562,43.53396427482518
