mode,size_bytes,iterations,seconds,rtt_us,gbps,messages_per_second
pingpong,64,10000,1.445525167,144.5525167,0.00708393062519,6917.90100117
stream,64,100000,0.332367875,0,0.154046175492,300871.436507
pingpong,256,10000,1.415465042,141.5465042,0.0289374861156,7064.81594619
stream,256,100000,0.251291042,0,0.814991248275,397944.945447
pingpong,1024,10000,1.4149165,141.49165,0.115794818988,7067.55486985
stream,1024,100000,0.122068583,0,6.71098148162,819211.606642
pingpong,4096,10000,1.4442745,144.42745,0.453764156329,6923.89154555
stream,4096,100000,0.311399167,0,10.5228284056,321131.237965
pingpong,16384,4096,0.640095458,156.273305176,1.6774713999,6399.04556236
stream,16384,100000,1.244374958,0,10.533159572,80361.6300353
pingpong,65536,1024,0.329727458,321.999470703,3.25645255786,3105.59516702
stream,65536,65536,3.055688125,0,11.2445174254,21447.2149379
pingpong,262144,256,0.152348542,595.111492188,7.04792976621,1680.35740047
stream,262144,16384,2.993615375,0,11.477673002,5472.98097706
pingpong,1048576,64,0.116049667,1813.27604688,9.25243347747,551.488010733
stream,1048576,4096,3.002057292,0,11.4453972812,1364.39767852
pingpong,4194304,16,0.103776583,6486.0364375,10.3466677449,154.177363886
stream,4194304,1024,3.09702475,0,11.0944345433,330.63991497
pingpong,16777216,10,0.243812208,24381.2208,11.0099267876,41.0151734486
stream,16777216,256,3.037672209,0,11.3112067412,84.2750574738
pingpong,67108864,10,0.965359625,96535.9625,11.1227131961,10.3588338905
stream,67108864,64,3.035335917,0,11.3199129545,21.0849809544
